{
  "topics": [
    {
      "topic_name" : "Geography Quiz",
      "questions": [
        {
          "id": "1",
          "question": "Which is the tallest mountain in the world?",
          "option_group": [
            "Mt. Everest",
            "Mt. Hood",
            "Mt. Kilimanjaro",
            "Mt. Fuji"
          ],
          "answer": "Mt. Everest"
        },
        {
          "id": "2",
          "question": "Which is the longest river in the world?",
          "option_group": [
            "Willamette river",
            "Ganga",
            "Nile",
            "Thames"
          ],
          "answer": "Nile"
        },
        {
          "id": "3",
          "question": "Name the largest inland water body.",
          "option_group": [
            "Caspian Sea",
            "Red Sea",
            "Arabian Sea",
            "Lake Baikal"
          ],
          "answer": "Caspian Sea"
        },
        {
          "id": "4",
          "question": "Name the smallest continent on the earth.",
          "option_group": [
            "Asia",
            "Europe",
            "Africa",
            "Australia"
          ],
          "answer": "Australia"
        },
        {
          "id": "5",
          "question": "Name the largest country in the world.",
          "option_group": [
            "Russia",
            "Canada",
            "USA",
            "India"
          ],
          "answer": "Russia"
        }
      ]
    },
    {
      "topic_name" : "Science Quiz",
      "questions": [
        {
          "id": "1",
          "question": "Which is the tallest mountain in the world?",
          "option_group": [
            "a. Mt. Everest",
            "b. Mt. Hood",
            "c. Mt. Kilimanjaro",
            "d. Mt. Fuji"
          ],
          "answer": "a. Mt. Everest"
        },
        {
          "id": "2",
          "question": "Which is the longest river in the world?",
          "option_group": [
            "a. Willamette river",
            "b. Ganga",
            "c. Nile",
            "d. Thames"
          ],
          "answer": "c. Nile"
        },
        {
          "id": "3",
          "question": "Name the largest inland water body.",
          "option_group": [
            "a. Caspian Sea",
            "b. Red Sea",
            "c. Arabian Sea",
            "d. Lake Baikal"
          ],
          "answer": "a. Caspian Sea"
        }
      ]
    }
  ]
}